{"cameraMode":{"drawMode":0,"name":"Shaded","section":"Shading Mode"},"sceneLighting":false,"audioPlay":false,"sceneViewState":{"m_AlwaysRefresh":false,"showFog":true,"showSkybox":false,"showFlares":true,"showImageEffects":true,"showParticleSystems":true,"showVisualEffectGraphs":true,"m_FxEnabled":false},"in2DMode":false,"pivot":{"x":1.9497613906860352,"y":-3.7616262435913088,"z":9.142871856689454},"rotation":{"x":0.2827471196651459,"y":-0.11760644614696503,"z":0.034952979534864429,"w":0.9513246417045593},"size":2.7435929775238039,"orthographic":false}