{"cameraMode":{"drawMode":0,"name":"Shaded","section":"Shading Mode"},"sceneLighting":false,"audioPlay":false,"sceneViewState":{"m_AlwaysRefresh":false,"showFog":true,"showSkybox":false,"showFlares":true,"showImageEffects":true,"showParticleSystems":true,"showVisualEffectGraphs":true,"m_FxEnabled":false},"in2DMode":false,"pivot":{"x":-0.31481701135635378,"y":-6.905573844909668,"z":7.8546223640441898},"rotation":{"x":0.41413605213165285,"y":-0.3024705648422241,"z":0.14812035858631135,"w":0.8456327319145203},"size":11.863469123840332,"orthographic":false}