{"cameraMode":{"drawMode":0,"name":"Shaded","section":"Shading Mode"},"sceneLighting":false,"audioPlay":false,"sceneViewState":{"m_AlwaysRefresh":false,"showFog":true,"showSkybox":false,"showFlares":true,"showImageEffects":true,"showParticleSystems":true,"showVisualEffectGraphs":true,"m_FxEnabled":false},"in2DMode":false,"pivot":{"x":7.4138593673706059,"y":0.6067461371421814,"z":49.63104248046875},"rotation":{"x":0.37129077315330508,"y":0.005566746927797794,"z":-0.0022390263620764019,"w":0.9285158514976502},"size":0.6469902992248535,"orthographic":false}