{"cameraMode":{"drawMode":0,"name":"Shaded","section":"Shading Mode"},"sceneLighting":false,"audioPlay":false,"sceneViewState":{"m_AlwaysRefresh":false,"showFog":true,"showSkybox":false,"showFlares":true,"showImageEffects":true,"showParticleSystems":true,"showVisualEffectGraphs":true,"m_FxEnabled":false},"in2DMode":false,"pivot":{"x":-2.700000047683716,"y":0.6000000238418579,"z":51.599998474121097},"rotation":{"x":0.1973792016506195,"y":0.04556522145867348,"z":-0.009191925637423993,"w":0.9792379140853882},"size":0.7088723182678223,"orthographic":false}