{"cameraMode":{"drawMode":0,"name":"Shaded","section":"Shading Mode"},"sceneLighting":false,"audioPlay":false,"sceneViewState":{"m_AlwaysRefresh":false,"showFog":true,"showSkybox":false,"showFlares":true,"showImageEffects":true,"showParticleSystems":true,"showVisualEffectGraphs":true,"m_FxEnabled":false},"in2DMode":false,"pivot":{"x":-4.71999979019165,"y":0.6000000238418579,"z":22.770000457763673},"rotation":{"x":0.12656041979789735,"y":0.0029744801577180626,"z":-0.0003916287678293884,"w":0.9919718503952026},"size":0.3570714294910431,"orthographic":false}