{"cameraMode":{"drawMode":0,"name":"Shaded","section":"Shading Mode"},"sceneLighting":false,"audioPlay":false,"sceneViewState":{"m_AlwaysRefresh":false,"showFog":true,"showSkybox":false,"showFlares":true,"showImageEffects":true,"showParticleSystems":true,"showVisualEffectGraphs":true,"m_FxEnabled":false},"in2DMode":false,"pivot":{"x":-11.292835235595704,"y":-12.086910247802735,"z":-28.446731567382814},"rotation":{"x":0.32289570569992068,"y":-0.0567406490445137,"z":0.019398264586925508,"w":0.9445450901985169},"size":27.91192054748535,"orthographic":false}