{"cameraMode":{"drawMode":0,"name":"Shaded","section":"Shading Mode"},"sceneLighting":true,"audioPlay":false,"sceneViewState":{"m_AlwaysRefresh":false,"showFog":true,"showSkybox":true,"showFlares":true,"showImageEffects":true,"showParticleSystems":true,"showVisualEffectGraphs":true,"m_FxEnabled":false},"in2DMode":false,"pivot":{"x":3.1155550479888918,"y":4.558170795440674,"z":12.816717147827149},"rotation":{"x":0.21218110620975495,"y":0.029309682548046113,"z":-0.0063825249671936039,"w":0.9767951965332031},"size":4.959273815155029,"orthographic":false}